run,variant,num_agent,map_tag,episode_index,n_episodes,success_rate_pct,cmr_pct,spr_pct,mcm_m2,map_path,obstacle_area_fraction_with_boundary,goal_fraction_first,goal_distance_max_m
.,conn_ablation,5,custom,1,5,100.0,100.0,100.0,0.2091547131538391,C:\Users\grape\OneDrive\Multi_Robot_System\maps\custom\map_001.png,0.2812,0.2,0.9283982658386233
.,conn_ablation,5,custom,2,5,80.0,66.03126374155224,93.20371445153802,-3.5340715885162353,C:\Users\grape\OneDrive\Multi_Robot_System\maps\custom\map_002.png,0.24333200000000002,0.2,1.1999977077989528
.,conn_ablation,5,custom,3,5,100.0,53.135565137016194,100.0,-3.214859890937805,C:\Users\grape\OneDrive\Multi_Robot_System\maps\custom\map_003.png,0.5603,0.2,2.2277026530291666
.,conn_ablation,5,i_shape,3,5,80.0,80.89600176138023,99.14893617021276,-0.8518288850784301,C:\Users\grape\OneDrive\Multi_Robot_System\maps\i_shape\map_003.png,0.17034,0.2,1.7954104423522947
.,conn_ablation,5,i_shape,15,5,80.0,99.95073891625616,100.0,0.12732402682304383,C:\Users\grape\OneDrive\Multi_Robot_System\maps\i_shape\map_015.png,0.17574,0.2,1.1195989727973936
.,conn_ablation,5,i_shape,44,5,80.0,95.64592173503065,99.82683982683983,0.005908817052841199,C:\Users\grape\OneDrive\Multi_Robot_System\maps\i_shape\map_044.png,0.1693,0.2,0.949262249469757
.,conn_ablation,5,i_shape,68,5,100.0,90.46817309112392,100.0,-0.044433599710464476,,,,
.,conn_ablation,5,i_shape,84,5,100.0,100.0,100.0,0.22480379343032836,,,,
.,conn_ablation,5,i_shape,89,5,80.0,83.3136030260123,99.74264705882354,-0.22727886438369746,C:\Users\grape\OneDrive\Multi_Robot_System\maps\i_shape\map_089.png,0.1558,0.2,1.7033663868904112
.,conn_ablation,5,square,34,5,100.0,82.66234350239203,100.0,-1.2867950081825257,C:\Users\grape\OneDrive\Multi_Robot_System\maps\square\map_034.png,0.67788,0.2,1.7829597694672283
.,conn_ablation,5,square,49,5,80.0,84.54025818500112,100.0,-1.074813187122345,C:\Users\grape\OneDrive\Multi_Robot_System\maps\square\map_049.png,0.745708,0.2,1.7455310110947837
.,conn_ablation,5,square,69,5,100.0,89.99279515384569,99.1419893697798,-0.48262251615524293,C:\Users\grape\OneDrive\Multi_Robot_System\maps\square\map_069.png,0.721296,0.2,0.8218508252910937
.,default,3,custom,1,5,100.0,99.88527724665391,100.0,0.12075814604759216,C:\Users\grape\OneDrive\Multi_Robot_System\maps\custom\map_001.png,0.2812,0.3333333333333333,0.7960754299163819
.,default,3,custom,2,5,80.0,94.66602768842327,100.0,-0.24885234832763672,C:\Users\grape\OneDrive\Multi_Robot_System\maps\custom\map_002.png,0.24333200000000002,0.3333333333333333,0.9798732705025337
.,default,3,custom,3,5,60.0,92.88799341820322,100.0,-0.25324039459228515,C:\Users\grape\OneDrive\Multi_Robot_System\maps\custom\map_003.png,0.5603,0.3333333333333333,1.4927463022813694
.,default,3,i_shape,3,5,100.0,98.70147321447155,100.0,0.049537950754165644,C:\Users\grape\OneDrive\Multi_Robot_System\maps\i_shape\map_003.png,0.17034,0.3333333333333333,0.7188894748687744
.,default,3,i_shape,15,5,100.0,99.52003433297183,100.0,0.09089347720146179,C:\Users\grape\OneDrive\Multi_Robot_System\maps\i_shape\map_015.png,0.17574,0.3333333333333333,0.7080163002014159
.,default,3,i_shape,44,5,100.0,99.39686369119421,100.0,0.10242830514907837,C:\Users\grape\OneDrive\Multi_Robot_System\maps\i_shape\map_044.png,0.1693,0.3333333333333333,0.48657093048095684
.,default,3,i_shape,68,5,100.0,99.27203417498586,100.0,0.11323145627975464,,,,
.,default,3,i_shape,84,5,100.0,97.76929228308677,100.0,0.031784170866012575,,,,
.,default,3,i_shape,89,5,100.0,99.47019867549669,100.0,0.0777342975139618,C:\Users\grape\OneDrive\Multi_Robot_System\maps\i_shape\map_089.png,0.1558,0.39999999999999997,0.5077310562133789
.,default,3,square,34,5,100.0,97.16943077214981,100.0,-0.11294045448303222,C:\Users\grape\OneDrive\Multi_Robot_System\maps\square\map_034.png,0.67788,0.3333333333333333,0.6598347124718268
.,default,3,square,49,5,100.0,97.004906145658,99.55027577428936,-0.06414929628372193,C:\Users\grape\OneDrive\Multi_Robot_System\maps\square\map_049.png,0.745708,0.3333333333333333,0.6605437757205462
.,default,3,square,69,5,100.0,98.51662450471035,100.0,-0.09250247478485107,C:\Users\grape\OneDrive\Multi_Robot_System\maps\square\map_069.png,0.721296,0.3333333333333333,0.6080129542800412
.,default,5,custom,1,5,100.0,100.0,100.0,0.1919657766819,C:\Users\grape\OneDrive\Multi_Robot_System\maps\custom\map_001.png,0.2812,0.2,0.9860607528686524
.,default,5,custom,2,5,100.0,89.81184898873026,98.97067391726549,-0.5363053917884827,C:\Users\grape\OneDrive\Multi_Robot_System\maps\custom\map_002.png,0.24333200000000002,0.2,1.5944668269263411
.,default,5,custom,3,5,80.0,89.55905577812065,99.93072736269173,-0.19249000549316406,C:\Users\grape\OneDrive\Multi_Robot_System\maps\custom\map_003.png,0.5603,0.2,1.99514950744458
.,default,5,i_shape,3,5,60.0,97.8356516578036,94.03361344537815,-0.021964263916015626,C:\Users\grape\OneDrive\Multi_Robot_System\maps\i_shape\map_003.png,0.17034,0.20000000000000004,1.0948182423909505
.,default,5,i_shape,15,5,100.0,100.0,100.0,0.09990701079368591,C:\Users\grape\OneDrive\Multi_Robot_System\maps\i_shape\map_015.png,0.17574,0.2,1.0244053840637206
.,default,5,i_shape,44,5,100.0,100.0,99.95031055900621,0.06077752113342285,C:\Users\grape\OneDrive\Multi_Robot_System\maps\i_shape\map_044.png,0.1693,0.2,0.8899708747863768
.,default,5,i_shape,68,5,100.0,97.45571245186136,100.0,0.14876757860183715,,,,
.,default,5,i_shape,84,5,100.0,99.77952755905513,100.0,0.22601233124732972,,,,
.,default,5,i_shape,89,5,100.0,98.80247624532106,100.0,-0.060372352600097656,C:\Users\grape\OneDrive\Multi_Robot_System\maps\i_shape\map_089.png,0.1558,0.24,1.2759324073791505
.,default,5,square,34,5,100.0,95.29929842790236,100.0,-0.0910274863243103,C:\Users\grape\OneDrive\Multi_Robot_System\maps\square\map_034.png,0.67788,0.2,1.3488055959902645
.,default,5,square,49,5,80.0,98.60423226261987,99.67878655183381,-0.045413160324096674,C:\Users\grape\OneDrive\Multi_Robot_System\maps\square\map_049.png,0.745708,0.2,1.208852614284139
.,default,5,square,69,5,100.0,96.19043052590843,99.85849056603773,-0.11806530952453613,C:\Users\grape\OneDrive\Multi_Robot_System\maps\square\map_069.png,0.721296,0.2,0.9114740627018065
.,default,7,custom,1,5,100.0,99.37407369110399,98.05068226120858,0.15081266164779664,C:\Users\grape\OneDrive\Multi_Robot_System\maps\custom\map_001.png,0.2812,0.14285714285714285,1.582793321609497
.,default,7,custom,2,5,80.0,92.53469266186333,97.43540208739854,-0.2373053550720215,C:\Users\grape\OneDrive\Multi_Robot_System\maps\custom\map_002.png,0.24333200000000002,0.14285714285714285,1.5346434071709842
.,default,7,custom,3,5,80.0,97.45002926569714,99.73178650694425,-0.11193685531616211,C:\Users\grape\OneDrive\Multi_Robot_System\maps\custom\map_003.png,0.5603,0.14285714285714285,2.646872398186761
.,default,7,i_shape,3,5,100.0,99.74747474747474,98.53374353374353,0.13148435354232788,C:\Users\grape\OneDrive\Multi_Robot_System\maps\i_shape\map_003.png,0.17034,0.14285714285714285,0.9649176597595215
.,default,7,i_shape,15,5,100.0,100.0,97.7114303022008,0.21105846166610717,C:\Users\grape\OneDrive\Multi_Robot_System\maps\i_shape\map_015.png,0.17574,0.14285714285714285,1.2822231769561765
.,default,7,i_shape,44,5,100.0,100.0,99.44012441679627,0.15162039399147034,C:\Users\grape\OneDrive\Multi_Robot_System\maps\i_shape\map_044.png,0.1693,0.14285714285714285,1.2534845829010008
.,default,7,i_shape,68,5,100.0,100.0,97.75524981897176,0.15099113583564758,,,,
.,default,7,i_shape,84,5,100.0,100.0,99.67772628977448,0.26477290391922,,,,
.,default,7,i_shape,89,5,100.0,100.0,100.0,0.09976171255111695,C:\Users\grape\OneDrive\Multi_Robot_System\maps\i_shape\map_089.png,0.1558,0.14285714285714285,1.6960341453552243
.,default,7,square,34,5,100.0,98.57465311846315,99.50194552529183,-0.0661484122276306,C:\Users\grape\OneDrive\Multi_Robot_System\maps\square\map_034.png,0.67788,0.14285714285714285,1.1934325695037848
.,default,7,square,49,5,100.0,98.35267095759448,100.0,-0.06791466474533081,C:\Users\grape\OneDrive\Multi_Robot_System\maps\square\map_049.png,0.745708,0.14285714285714285,1.4327941155728559
.,default,7,square,69,5,100.0,100.0,99.52076677316293,0.10517190098762512,C:\Users\grape\OneDrive\Multi_Robot_System\maps\square\map_069.png,0.721296,0.14285714285714285,0.8802243230612398
.,safe_ablation,5,custom,1,5,100.0,100.0,97.04002573411148,0.24488176703453063,C:\Users\grape\OneDrive\Multi_Robot_System\maps\custom\map_001.png,0.2812,0.2,1.0818853759765623
.,safe_ablation,5,custom,2,5,0.0,92.63639004052497,91.29289896664002,-0.46776432991027833,C:\Users\grape\OneDrive\Multi_Robot_System\maps\custom\map_002.png,0.24333200000000002,,
.,safe_ablation,5,custom,3,5,0.0,98.84567501227295,93.39364899307462,0.14962235689163209,C:\Users\grape\OneDrive\Multi_Robot_System\maps\custom\map_003.png,0.5603,,
.,safe_ablation,5,i_shape,3,5,80.0,98.46797220509684,92.43616326458807,0.025957822799682617,C:\Users\grape\OneDrive\Multi_Robot_System\maps\i_shape\map_003.png,0.17034,0.2,0.9737546920776367
.,safe_ablation,5,i_shape,15,5,100.0,97.88407943097386,99.20126311878889,0.025376331806182862,C:\Users\grape\OneDrive\Multi_Robot_System\maps\i_shape\map_015.png,0.17574,0.2,1.3044070720672605
.,safe_ablation,5,i_shape,44,5,60.0,99.77839335180056,75.79286473263639,0.32507330775260923,C:\Users\grape\OneDrive\Multi_Robot_System\maps\i_shape\map_044.png,0.1693,0.20000000000000004,0.7711504777272543
.,safe_ablation,5,i_shape,68,5,80.0,100.0,92.52854853850768,0.12467768192291259,,,,
.,safe_ablation,5,i_shape,84,5,80.0,100.0,92.73765710681148,0.2584438145160675,,,,
.,safe_ablation,5,i_shape,89,5,40.0,100.0,94.34327200577202,0.3050102233886719,C:\Users\grape\OneDrive\Multi_Robot_System\maps\i_shape\map_089.png,0.1558,0.2,1.097054409980774
.,safe_ablation,5,square,34,5,80.0,97.83250725278499,95.42178723337778,-0.013940668106079098,C:\Users\grape\OneDrive\Multi_Robot_System\maps\square\map_034.png,0.67788,0.2,1.3938599494672737
.,safe_ablation,5,square,49,5,60.0,97.65828022507898,92.51151602687517,-0.03628261089324951,C:\Users\grape\OneDrive\Multi_Robot_System\maps\square\map_049.png,0.745708,0.20000000000000004,0.9709412721916434
.,safe_ablation,5,square,69,5,80.0,95.56164383561644,96.56509360819587,-0.0175959348678589,C:\Users\grape\OneDrive\Multi_Robot_System\maps\square\map_069.png,0.721296,0.2,0.8532291636778957
.,team_ablation,3,custom,1,1,100.0,100.0,100.0,0.010205447673797607,C:\Users\grape\OneDrive\Multi_Robot_System\maps\custom\map_001.png,0.2812,0.3333333333333333,0.712064208984375
.,team_ablation,3,custom,2,1,0.0,100.0,100.0,0.10966485738754272,C:\Users\grape\OneDrive\Multi_Robot_System\maps\custom\map_002.png,0.243332,,
.,team_ablation,3,custom,3,1,0.0,88.10408921933086,100.0,-0.017880141735076904,C:\Users\grape\OneDrive\Multi_Robot_System\maps\custom\map_003.png,0.5603,,
.,team_ablation,3,i_shape,3,1,0.0,100.0,100.0,0.35188481211662287,C:\Users\grape\OneDrive\Multi_Robot_System\maps\i_shape\map_003.png,0.17034,,
.,team_ablation,3,i_shape,15,1,0.0,100.0,100.0,0.37946122884750366,C:\Users\grape\OneDrive\Multi_Robot_System\maps\i_shape\map_015.png,0.17574,,
.,team_ablation,3,i_shape,44,1,100.0,100.0,100.0,0.1280648112297058,C:\Users\grape\OneDrive\Multi_Robot_System\maps\i_shape\map_044.png,0.1693,0.3333333333333333,0.5315945625305174
.,team_ablation,3,i_shape,68,1,0.0,100.0,100.0,0.30242860317230225,,,,
.,team_ablation,3,i_shape,84,1,0.0,100.0,100.0,0.08000159263610838,,,,
.,team_ablation,3,i_shape,89,1,100.0,100.0,100.0,0.2654205560684204,C:\Users\grape\OneDrive\Multi_Robot_System\maps\i_shape\map_089.png,0.1558,0.3333333333333333,0.11826043128967267
.,team_ablation,3,square,34,1,100.0,89.69773299748111,100.0,-0.6212887763977051,C:\Users\grape\OneDrive\Multi_Robot_System\maps\square\map_034.png,0.67788,0.3333333333333333,1.3200422763824466
.,team_ablation,3,square,49,1,0.0,91.56403940886699,100.0,-0.45091831684112554,C:\Users\grape\OneDrive\Multi_Robot_System\maps\square\map_049.png,0.745708,,
.,team_ablation,3,square,69,1,0.0,100.0,100.0,0.11371999979019164,C:\Users\grape\OneDrive\Multi_Robot_System\maps\square\map_069.png,0.721296,,
.,team_ablation,5,custom,1,1,0.0,81.2688821752266,100.0,-0.3544670939445496,C:\Users\grape\OneDrive\Multi_Robot_System\maps\custom\map_001.png,0.2812,,
.,team_ablation,5,custom,2,1,0.0,95.63770794824399,100.0,-0.7464333772659301,C:\Users\grape\OneDrive\Multi_Robot_System\maps\custom\map_002.png,0.243332,,
.,team_ablation,5,custom,3,1,0.0,90.17384731670445,81.12874779541445,-1.0992376804351807,C:\Users\grape\OneDrive\Multi_Robot_System\maps\custom\map_003.png,0.5603,,
.,team_ablation,5,i_shape,3,1,0.0,100.0,100.0,-1.728534698486328e-06,C:\Users\grape\OneDrive\Multi_Robot_System\maps\i_shape\map_003.png,0.17034,,
.,team_ablation,5,i_shape,15,1,0.0,100.0,100.0,0.11712855100631712,C:\Users\grape\OneDrive\Multi_Robot_System\maps\i_shape\map_015.png,0.17574,,
.,team_ablation,5,i_shape,44,1,0.0,100.0,100.0,0.24525165557861328,C:\Users\grape\OneDrive\Multi_Robot_System\maps\i_shape\map_044.png,0.1693,,
.,team_ablation,5,i_shape,68,1,0.0,100.0,100.0,0.116016685962677,,,,
.,team_ablation,5,i_shape,84,1,100.0,100.0,100.0,0.18886256217956543,,,,
.,team_ablation,5,i_shape,89,1,0.0,100.0,98.71794871794873,0.4559406936168671,C:\Users\grape\OneDrive\Multi_Robot_System\maps\i_shape\map_089.png,0.1558,,
.,team_ablation,5,square,34,1,100.0,93.04812834224599,100.0,-0.5678480863571167,C:\Users\grape\OneDrive\Multi_Robot_System\maps\square\map_034.png,0.67788,0.2,2.125812673568726
.,team_ablation,5,square,49,1,0.0,100.0,100.0,0.5122041702270508,C:\Users\grape\OneDrive\Multi_Robot_System\maps\square\map_049.png,0.745708,,
.,team_ablation,5,square,69,1,0.0,99.2326139088729,100.0,-0.02881091833114624,C:\Users\grape\OneDrive\Multi_Robot_System\maps\square\map_069.png,0.721296,,
.,team_ablation,7,custom,1,1,100.0,100.0,100.0,0.18670889735221863,C:\Users\grape\OneDrive\Multi_Robot_System\maps\custom\map_001.png,0.2812,0.14285714285714285,1.6050359630584716
.,team_ablation,7,custom,2,1,0.0,99.24878479893945,100.0,-0.0196378231048584,C:\Users\grape\OneDrive\Multi_Robot_System\maps\custom\map_002.png,0.243332,,
.,team_ablation,7,custom,3,1,0.0,100.0,100.0,0.02043598890304565,C:\Users\grape\OneDrive\Multi_Robot_System\maps\custom\map_003.png,0.5603,,
.,team_ablation,7,i_shape,3,1,100.0,100.0,100.0,0.361164927482605,C:\Users\grape\OneDrive\Multi_Robot_System\maps\i_shape\map_003.png,0.17034,0.14285714285714285,1.037455368041992
.,team_ablation,7,i_shape,15,1,0.0,100.0,100.0,0.19397050142288208,C:\Users\grape\OneDrive\Multi_Robot_System\maps\i_shape\map_015.png,0.17574,,
.,team_ablation,7,i_shape,44,1,100.0,100.0,100.0,0.09316545724868774,C:\Users\grape\OneDrive\Multi_Robot_System\maps\i_shape\map_044.png,0.1693,0.14285714285714285,0.6479199409484862
.,team_ablation,7,i_shape,68,1,0.0,100.0,100.0,0.24413949251174927,,,,
.,team_ablation,7,i_shape,84,1,100.0,100.0,100.0,0.1737678050994873,,,,
.,team_ablation,7,i_shape,89,1,100.0,100.0,100.0,0.02019035816192627,C:\Users\grape\OneDrive\Multi_Robot_System\maps\i_shape\map_089.png,0.1558,0.14285714285714285,1.0018518447875975
.,team_ablation,7,square,34,1,0.0,83.38136407300672,100.0,-0.04913073778152466,C:\Users\grape\OneDrive\Multi_Robot_System\maps\square\map_034.png,0.67788,,
.,team_ablation,7,square,49,1,0.0,100.0,100.0,0.25938266515731806,C:\Users\grape\OneDrive\Multi_Robot_System\maps\square\map_049.png,0.745708,,
.,team_ablation,7,square,69,1,0.0,100.0,78.125,0.3984653949737549,C:\Users\grape\OneDrive\Multi_Robot_System\maps\square\map_069.png,0.721296,,
