run,variant,num_agent,episode_dir,log_status,issues,cmr_vs_summary_delta_pp
.,default,3,agent_3_default/i_shape_seed_120_068,ok,goal_map_free_cell_count_mismatch,0.0
.,default,3,agent_3_default/i_shape_seed_120_084,ok,goal_map_free_cell_count_mismatch,0.0
.,default,3,agent_3_default/i_shape_seed_140_068,ok,goal_map_free_cell_count_mismatch,0.0
.,default,3,agent_3_default/i_shape_seed_140_084,ok,goal_map_free_cell_count_mismatch,0.0
.,default,3,agent_3_default/i_shape_seed_42_068,ok,goal_map_free_cell_count_mismatch,0.0
.,default,3,agent_3_default/i_shape_seed_42_084,ok,goal_map_free_cell_count_mismatch,7.317073169588184e-06
.,default,3,agent_3_default/i_shape_seed_64_068,ok,goal_map_free_cell_count_mismatch,-4.5234493185830615e-05
.,default,3,agent_3_default/i_shape_seed_64_084,ok,goal_map_free_cell_count_mismatch,-4.590163935347391e-05
.,default,3,agent_3_default/i_shape_seed_91_068,ok,goal_map_free_cell_count_mismatch,1.6109422503518545e-05
.,default,3,agent_3_default/i_shape_seed_91_084,ok,goal_map_free_cell_count_mismatch,0.0
.,team_ablation,3,agent_3_team_ablation/i_shape_seed_120_068,ok,goal_map_free_cell_count_mismatch,0.0
.,team_ablation,3,agent_3_team_ablation/i_shape_seed_120_084,ok,goal_map_free_cell_count_mismatch,0.0
.,team_ablation,3,agent_3_team_ablation/i_shape_seed_140_068,ok,goal_map_free_cell_count_mismatch,0.0
.,team_ablation,3,agent_3_team_ablation/i_shape_seed_140_084,ok,goal_map_free_cell_count_mismatch,0.0
.,team_ablation,3,agent_3_team_ablation/i_shape_seed_42_068,ok,goal_map_free_cell_count_mismatch,0.0
.,team_ablation,3,agent_3_team_ablation/i_shape_seed_42_084,ok,goal_map_free_cell_count_mismatch,0.0
.,team_ablation,3,agent_3_team_ablation/i_shape_seed_64_068,ok,goal_map_free_cell_count_mismatch,0.0
.,team_ablation,3,agent_3_team_ablation/i_shape_seed_64_084,ok,goal_map_free_cell_count_mismatch,0.0
.,team_ablation,3,agent_3_team_ablation/i_shape_seed_91_068,ok,goal_map_free_cell_count_mismatch,0.0
.,team_ablation,3,agent_3_team_ablation/i_shape_seed_91_084,ok,goal_map_free_cell_count_mismatch,0.0
.,conn_ablation,5,agent_5_conn_ablation/i_shape_seed_120_068,ok,goal_map_free_cell_count_mismatch,0.0
.,conn_ablation,5,agent_5_conn_ablation/i_shape_seed_120_084,ok,goal_map_free_cell_count_mismatch,0.0
.,conn_ablation,5,agent_5_conn_ablation/i_shape_seed_140_068,ok,goal_map_free_cell_count_mismatch,0.0
.,conn_ablation,5,agent_5_conn_ablation/i_shape_seed_140_084,ok,goal_map_free_cell_count_mismatch,0.0
.,conn_ablation,5,agent_5_conn_ablation/i_shape_seed_42_068,ok,goal_map_free_cell_count_mismatch,2.131147540751499e-05
.,conn_ablation,5,agent_5_conn_ablation/i_shape_seed_42_084,ok,goal_map_free_cell_count_mismatch,0.0
.,conn_ablation,5,agent_5_conn_ablation/i_shape_seed_64_068,ok,goal_map_free_cell_count_mismatch,0.0
.,conn_ablation,5,agent_5_conn_ablation/i_shape_seed_64_084,ok,goal_map_free_cell_count_mismatch,0.0
.,conn_ablation,5,agent_5_conn_ablation/i_shape_seed_91_068,ok,goal_map_free_cell_count_mismatch,4.4144144155211507e-05
.,conn_ablation,5,agent_5_conn_ablation/i_shape_seed_91_084,ok,goal_map_free_cell_count_mismatch,0.0
.,default,5,agent_5_default/i_shape_seed_120_068,ok,goal_map_free_cell_count_mismatch,0.0
.,default,5,agent_5_default/i_shape_seed_120_084,ok,goal_map_free_cell_count_mismatch,0.0
.,default,5,agent_5_default/i_shape_seed_140_068,ok,goal_map_free_cell_count_mismatch,0.0
.,default,5,agent_5_default/i_shape_seed_140_084,ok,goal_map_free_cell_count_mismatch,3.779527560254792e-05
.,default,5,agent_5_default/i_shape_seed_42_068,ok,goal_map_free_cell_count_mismatch,-2.1951219508764552e-05
.,default,5,agent_5_default/i_shape_seed_42_084,ok,goal_map_free_cell_count_mismatch,0.0
.,default,5,agent_5_default/i_shape_seed_64_068,ok,goal_map_free_cell_count_mismatch,0.0
.,default,5,agent_5_default/i_shape_seed_64_084,ok,goal_map_free_cell_count_mismatch,0.0
.,default,5,agent_5_default/i_shape_seed_91_068,ok,goal_map_free_cell_count_mismatch,-1.5789473678751165e-05
.,default,5,agent_5_default/i_shape_seed_91_084,ok,goal_map_free_cell_count_mismatch,0.0
.,safe_ablation,5,agent_5_safe_ablation/i_shape_seed_120_068,ok,goal_map_free_cell_count_mismatch,0.0
.,safe_ablation,5,agent_5_safe_ablation/i_shape_seed_120_084,ok,goal_map_free_cell_count_mismatch,0.0
.,safe_ablation,5,agent_5_safe_ablation/i_shape_seed_140_068,ok,goal_map_free_cell_count_mismatch,0.0
.,safe_ablation,5,agent_5_safe_ablation/i_shape_seed_140_084,ok,goal_map_free_cell_count_mismatch,0.0
.,safe_ablation,5,agent_5_safe_ablation/i_shape_seed_42_068,ok,goal_map_free_cell_count_mismatch,0.0
.,safe_ablation,5,agent_5_safe_ablation/i_shape_seed_42_084,ok,goal_map_free_cell_count_mismatch,0.0
.,safe_ablation,5,agent_5_safe_ablation/i_shape_seed_64_068,ok,goal_map_free_cell_count_mismatch,0.0
.,safe_ablation,5,agent_5_safe_ablation/i_shape_seed_64_084,ok,goal_map_free_cell_count_mismatch,0.0
.,safe_ablation,5,agent_5_safe_ablation/i_shape_seed_91_068,ok,goal_map_free_cell_count_mismatch,0.0
.,safe_ablation,5,agent_5_safe_ablation/i_shape_seed_91_084,ok,goal_map_free_cell_count_mismatch,0.0
.,team_ablation,5,agent_5_team_ablation/i_shape_seed_120_068,ok,goal_map_free_cell_count_mismatch,0.0
.,team_ablation,5,agent_5_team_ablation/i_shape_seed_120_084,ok,goal_map_free_cell_count_mismatch,0.0
.,team_ablation,5,agent_5_team_ablation/i_shape_seed_140_068,ok,goal_map_free_cell_count_mismatch,0.0
.,team_ablation,5,agent_5_team_ablation/i_shape_seed_140_084,ok,goal_map_free_cell_count_mismatch,0.0
.,team_ablation,5,agent_5_team_ablation/i_shape_seed_42_068,ok,goal_map_free_cell_count_mismatch,0.0
.,team_ablation,5,agent_5_team_ablation/i_shape_seed_42_084,ok,goal_map_free_cell_count_mismatch,0.0
.,team_ablation,5,agent_5_team_ablation/i_shape_seed_64_068,ok,goal_map_free_cell_count_mismatch,0.0
.,team_ablation,5,agent_5_team_ablation/i_shape_seed_64_084,ok,goal_map_free_cell_count_mismatch,0.0
.,team_ablation,5,agent_5_team_ablation/i_shape_seed_91_068,ok,goal_map_free_cell_count_mismatch,0.0
.,team_ablation,5,agent_5_team_ablation/i_shape_seed_91_084,ok,goal_map_free_cell_count_mismatch,0.0
.,default,7,agent_7_default/i_shape_seed_120_068,ok,goal_map_free_cell_count_mismatch,0.0
.,default,7,agent_7_default/i_shape_seed_120_084,ok,goal_map_free_cell_count_mismatch,0.0
.,default,7,agent_7_default/i_shape_seed_140_068,ok,goal_map_free_cell_count_mismatch,0.0
.,default,7,agent_7_default/i_shape_seed_140_084,ok,goal_map_free_cell_count_mismatch,0.0
.,default,7,agent_7_default/i_shape_seed_42_068,ok,goal_map_free_cell_count_mismatch,0.0
.,default,7,agent_7_default/i_shape_seed_42_084,ok,goal_map_free_cell_count_mismatch,0.0
.,default,7,agent_7_default/i_shape_seed_64_068,ok,goal_map_free_cell_count_mismatch,0.0
.,default,7,agent_7_default/i_shape_seed_64_084,ok,goal_map_free_cell_count_mismatch,0.0
.,default,7,agent_7_default/i_shape_seed_91_068,ok,goal_map_free_cell_count_mismatch,0.0
.,default,7,agent_7_default/i_shape_seed_91_084,ok,goal_map_free_cell_count_mismatch,0.0
.,team_ablation,7,agent_7_team_ablation/i_shape_seed_120_068,ok,goal_map_free_cell_count_mismatch,0.0
.,team_ablation,7,agent_7_team_ablation/i_shape_seed_120_084,ok,goal_map_free_cell_count_mismatch,0.0
.,team_ablation,7,agent_7_team_ablation/i_shape_seed_140_068,ok,goal_map_free_cell_count_mismatch,0.0
.,team_ablation,7,agent_7_team_ablation/i_shape_seed_140_084,ok,goal_map_free_cell_count_mismatch,0.0
.,team_ablation,7,agent_7_team_ablation/i_shape_seed_42_068,ok,goal_map_free_cell_count_mismatch,0.0
.,team_ablation,7,agent_7_team_ablation/i_shape_seed_42_084,ok,goal_map_free_cell_count_mismatch,0.0
.,team_ablation,7,agent_7_team_ablation/i_shape_seed_64_068,ok,goal_map_free_cell_count_mismatch,0.0
.,team_ablation,7,agent_7_team_ablation/i_shape_seed_64_084,ok,goal_map_free_cell_count_mismatch,0.0
.,team_ablation,7,agent_7_team_ablation/i_shape_seed_91_068,ok,goal_map_free_cell_count_mismatch,0.0
.,team_ablation,7,agent_7_team_ablation/i_shape_seed_91_084,ok,goal_map_free_cell_count_mismatch,0.0
