run,variant,num_agent,map_tag,episode_index,n_saved,identical_trajectory,n_unique_trajectory
.,team_ablation,3,custom,1,5,True,1
.,team_ablation,3,custom,2,5,True,1
.,team_ablation,3,custom,3,5,True,1
.,team_ablation,3,i_shape,3,5,True,1
.,team_ablation,3,i_shape,15,5,True,1
.,team_ablation,3,i_shape,44,5,True,1
.,team_ablation,3,i_shape,68,5,True,1
.,team_ablation,3,i_shape,84,5,True,1
.,team_ablation,3,i_shape,89,5,True,1
.,team_ablation,3,square,34,5,True,1
.,team_ablation,3,square,49,5,True,1
.,team_ablation,3,square,69,5,True,1
.,team_ablation,5,custom,1,5,True,1
.,team_ablation,5,custom,2,5,True,1
.,team_ablation,5,custom,3,5,True,1
.,team_ablation,5,i_shape,3,5,True,1
.,team_ablation,5,i_shape,15,5,True,1
.,team_ablation,5,i_shape,44,5,True,1
.,team_ablation,5,i_shape,68,5,True,1
.,team_ablation,5,i_shape,84,5,True,1
.,team_ablation,5,i_shape,89,5,True,1
.,team_ablation,5,square,34,5,True,1
.,team_ablation,5,square,49,5,True,1
.,team_ablation,5,square,69,5,True,1
.,team_ablation,7,custom,1,5,True,1
.,team_ablation,7,custom,2,5,True,1
.,team_ablation,7,custom,3,5,True,1
.,team_ablation,7,i_shape,3,5,True,1
.,team_ablation,7,i_shape,15,5,True,1
.,team_ablation,7,i_shape,44,5,True,1
.,team_ablation,7,i_shape,68,5,True,1
.,team_ablation,7,i_shape,84,5,True,1
.,team_ablation,7,i_shape,89,5,True,1
.,team_ablation,7,square,34,5,True,1
.,team_ablation,7,square,49,5,True,1
.,team_ablation,7,square,69,5,True,1
