map_tag,episode_index,map_path,width_m,height_m,free_cells,goal_cells,obstacle_area_fraction_with_boundary
custom,1,C:\Users\grape\OneDrive\Multi_Robot_System\maps\custom\map_001.png,5.0,1.0,35940,8800,0.2812
custom,2,C:\Users\grape\OneDrive\Multi_Robot_System\maps\custom\map_002.png,5.0,5.0,189167,10000,0.243332
custom,3,C:\Users\grape\OneDrive\Multi_Robot_System\maps\custom\map_003.png,5.0,5.0,109925,6400,0.5603
i_shape,0,C:\Users\grape\OneDrive\Multi_Robot_System\maps\i_shape\map_000.png,5.0,1.0,41301,8100,0.17398
i_shape,1,C:\Users\grape\OneDrive\Multi_Robot_System\maps\i_shape\map_001.png,5.0,1.0,41931,8100,0.16138
i_shape,2,C:\Users\grape\OneDrive\Multi_Robot_System\maps\i_shape\map_002.png,5.0,1.0,41826,8100,0.16348
i_shape,3,C:\Users\grape\OneDrive\Multi_Robot_System\maps\i_shape\map_003.png,5.0,1.0,41483,8100,0.17034
i_shape,4,C:\Users\grape\OneDrive\Multi_Robot_System\maps\i_shape\map_004.png,5.0,1.0,40639,8100,0.18722
i_shape,5,C:\Users\grape\OneDrive\Multi_Robot_System\maps\i_shape\map_005.png,5.0,1.0,41773,8100,0.16454
i_shape,6,C:\Users\grape\OneDrive\Multi_Robot_System\maps\i_shape\map_006.png,5.0,1.0,41065,8100,0.1787
i_shape,7,C:\Users\grape\OneDrive\Multi_Robot_System\maps\i_shape\map_007.png,5.0,1.0,41638,8100,0.16724
i_shape,8,C:\Users\grape\OneDrive\Multi_Robot_System\maps\i_shape\map_008.png,5.0,1.0,42294,8100,0.15412
i_shape,9,C:\Users\grape\OneDrive\Multi_Robot_System\maps\i_shape\map_009.png,5.0,1.0,42072,8100,0.15856
i_shape,10,C:\Users\grape\OneDrive\Multi_Robot_System\maps\i_shape\map_010.png,5.0,1.0,42560,8100,0.1488
i_shape,11,C:\Users\grape\OneDrive\Multi_Robot_System\maps\i_shape\map_011.png,5.0,1.0,41961,8100,0.16078
i_shape,12,C:\Users\grape\OneDrive\Multi_Robot_System\maps\i_shape\map_012.png,5.0,1.0,41689,8100,0.16622
i_shape,13,C:\Users\grape\OneDrive\Multi_Robot_System\maps\i_shape\map_013.png,5.0,1.0,42370,8100,0.1526
i_shape,14,C:\Users\grape\OneDrive\Multi_Robot_System\maps\i_shape\map_014.png,5.0,1.0,41694,8100,0.16612
i_shape,15,C:\Users\grape\OneDrive\Multi_Robot_System\maps\i_shape\map_015.png,5.0,1.0,41213,8100,0.17574
i_shape,16,C:\Users\grape\OneDrive\Multi_Robot_System\maps\i_shape\map_016.png,5.0,1.0,41923,8100,0.16154
i_shape,17,C:\Users\grape\OneDrive\Multi_Robot_System\maps\i_shape\map_017.png,5.0,1.0,41818,8100,0.16364
i_shape,18,C:\Users\grape\OneDrive\Multi_Robot_System\maps\i_shape\map_018.png,5.0,1.0,41465,8100,0.1707
i_shape,19,C:\Users\grape\OneDrive\Multi_Robot_System\maps\i_shape\map_019.png,5.0,1.0,41300,8100,0.174
i_shape,20,C:\Users\grape\OneDrive\Multi_Robot_System\maps\i_shape\map_020.png,5.0,1.0,41997,8100,0.16006
i_shape,21,C:\Users\grape\OneDrive\Multi_Robot_System\maps\i_shape\map_021.png,5.0,1.0,42160,8100,0.1568
i_shape,22,C:\Users\grape\OneDrive\Multi_Robot_System\maps\i_shape\map_022.png,5.0,1.0,42092,8100,0.15816
i_shape,23,C:\Users\grape\OneDrive\Multi_Robot_System\maps\i_shape\map_023.png,5.0,1.0,40868,8100,0.18264
i_shape,24,C:\Users\grape\OneDrive\Multi_Robot_System\maps\i_shape\map_024.png,5.0,1.0,41718,8100,0.16564
i_shape,25,C:\Users\grape\OneDrive\Multi_Robot_System\maps\i_shape\map_025.png,5.0,1.0,40538,8100,0.18924
i_shape,26,C:\Users\grape\OneDrive\Multi_Robot_System\maps\i_shape\map_026.png,5.0,1.0,42349,8100,0.15302
i_shape,27,C:\Users\grape\OneDrive\Multi_Robot_System\maps\i_shape\map_027.png,5.0,1.0,42007,8100,0.15986
i_shape,28,C:\Users\grape\OneDrive\Multi_Robot_System\maps\i_shape\map_028.png,5.0,1.0,40261,8100,0.19478
i_shape,29,C:\Users\grape\OneDrive\Multi_Robot_System\maps\i_shape\map_029.png,5.0,1.0,40617,8100,0.18766
i_shape,30,C:\Users\grape\OneDrive\Multi_Robot_System\maps\i_shape\map_030.png,5.0,1.0,42518,8100,0.14964
i_shape,31,C:\Users\grape\OneDrive\Multi_Robot_System\maps\i_shape\map_031.png,5.0,1.0,41829,8100,0.16342
i_shape,32,C:\Users\grape\OneDrive\Multi_Robot_System\maps\i_shape\map_032.png,5.0,1.0,42222,8100,0.15556
i_shape,33,C:\Users\grape\OneDrive\Multi_Robot_System\maps\i_shape\map_033.png,5.0,1.0,41131,8100,0.17738
i_shape,34,C:\Users\grape\OneDrive\Multi_Robot_System\maps\i_shape\map_034.png,5.0,1.0,39823,8100,0.20354
i_shape,35,C:\Users\grape\OneDrive\Multi_Robot_System\maps\i_shape\map_035.png,5.0,1.0,42501,8100,0.14998
i_shape,36,C:\Users\grape\OneDrive\Multi_Robot_System\maps\i_shape\map_036.png,5.0,1.0,42600,8100,0.148
i_shape,37,C:\Users\grape\OneDrive\Multi_Robot_System\maps\i_shape\map_037.png,5.0,1.0,40779,8100,0.18442
i_shape,38,C:\Users\grape\OneDrive\Multi_Robot_System\maps\i_shape\map_038.png,5.0,1.0,42528,8100,0.14944
i_shape,39,C:\Users\grape\OneDrive\Multi_Robot_System\maps\i_shape\map_039.png,5.0,1.0,42210,8100,0.1558
i_shape,40,C:\Users\grape\OneDrive\Multi_Robot_System\maps\i_shape\map_040.png,5.0,1.0,42331,8100,0.15338
i_shape,41,C:\Users\grape\OneDrive\Multi_Robot_System\maps\i_shape\map_041.png,5.0,1.0,42549,8100,0.14902
i_shape,42,C:\Users\grape\OneDrive\Multi_Robot_System\maps\i_shape\map_042.png,5.0,1.0,40702,8100,0.18596
i_shape,43,C:\Users\grape\OneDrive\Multi_Robot_System\maps\i_shape\map_043.png,5.0,1.0,42368,8100,0.15264
i_shape,44,C:\Users\grape\OneDrive\Multi_Robot_System\maps\i_shape\map_044.png,5.0,1.0,41535,8100,0.1693
i_shape,45,C:\Users\grape\OneDrive\Multi_Robot_System\maps\i_shape\map_045.png,5.0,1.0,41343,8100,0.17314
i_shape,46,C:\Users\grape\OneDrive\Multi_Robot_System\maps\i_shape\map_046.png,5.0,1.0,40929,8100,0.18142
i_shape,47,C:\Users\grape\OneDrive\Multi_Robot_System\maps\i_shape\map_047.png,5.0,1.0,40418,8100,0.19164
i_shape,48,C:\Users\grape\OneDrive\Multi_Robot_System\maps\i_shape\map_048.png,5.0,1.0,42391,8100,0.15218
i_shape,49,C:\Users\grape\OneDrive\Multi_Robot_System\maps\i_shape\map_049.png,5.0,1.0,41602,8100,0.16796
i_shape,50,C:\Users\grape\OneDrive\Multi_Robot_System\maps\i_shape\map_050.png,5.0,1.0,41301,8100,0.17398
i_shape,51,C:\Users\grape\OneDrive\Multi_Robot_System\maps\i_shape\map_051.png,5.0,1.0,41931,8100,0.16138
i_shape,52,C:\Users\grape\OneDrive\Multi_Robot_System\maps\i_shape\map_052.png,5.0,1.0,41826,8100,0.16348
i_shape,53,C:\Users\grape\OneDrive\Multi_Robot_System\maps\i_shape\map_053.png,5.0,1.0,41483,8100,0.17034
i_shape,54,C:\Users\grape\OneDrive\Multi_Robot_System\maps\i_shape\map_054.png,5.0,1.0,40639,8100,0.18722
i_shape,55,C:\Users\grape\OneDrive\Multi_Robot_System\maps\i_shape\map_055.png,5.0,1.0,41773,8100,0.16454
i_shape,56,C:\Users\grape\OneDrive\Multi_Robot_System\maps\i_shape\map_056.png,5.0,1.0,41065,8100,0.1787
i_shape,57,C:\Users\grape\OneDrive\Multi_Robot_System\maps\i_shape\map_057.png,5.0,1.0,41638,8100,0.16724
i_shape,58,C:\Users\grape\OneDrive\Multi_Robot_System\maps\i_shape\map_058.png,5.0,1.0,42294,8100,0.15412
i_shape,59,C:\Users\grape\OneDrive\Multi_Robot_System\maps\i_shape\map_059.png,5.0,1.0,42072,8100,0.15856
i_shape,60,C:\Users\grape\OneDrive\Multi_Robot_System\maps\i_shape\map_060.png,5.0,1.0,42560,8100,0.1488
i_shape,61,C:\Users\grape\OneDrive\Multi_Robot_System\maps\i_shape\map_061.png,5.0,1.0,41961,8100,0.16078
i_shape,62,C:\Users\grape\OneDrive\Multi_Robot_System\maps\i_shape\map_062.png,5.0,1.0,41689,8100,0.16622
i_shape,63,C:\Users\grape\OneDrive\Multi_Robot_System\maps\i_shape\map_063.png,5.0,1.0,42370,8100,0.1526
i_shape,64,C:\Users\grape\OneDrive\Multi_Robot_System\maps\i_shape\map_064.png,5.0,1.0,41694,8100,0.16612
i_shape,65,C:\Users\grape\OneDrive\Multi_Robot_System\maps\i_shape\map_065.png,5.0,1.0,41213,8100,0.17574
i_shape,66,C:\Users\grape\OneDrive\Multi_Robot_System\maps\i_shape\map_066.png,5.0,1.0,41923,8100,0.16154
i_shape,67,C:\Users\grape\OneDrive\Multi_Robot_System\maps\i_shape\map_067.png,5.0,1.0,41818,8100,0.16364
i_shape,68,C:\Users\grape\OneDrive\Multi_Robot_System\maps\i_shape\map_068.png,5.0,1.0,41465,8100,0.1707
i_shape,69,C:\Users\grape\OneDrive\Multi_Robot_System\maps\i_shape\map_069.png,5.0,1.0,41300,8100,0.174
i_shape,70,C:\Users\grape\OneDrive\Multi_Robot_System\maps\i_shape\map_070.png,5.0,1.0,41997,8100,0.16006
i_shape,71,C:\Users\grape\OneDrive\Multi_Robot_System\maps\i_shape\map_071.png,5.0,1.0,42160,8100,0.1568
i_shape,72,C:\Users\grape\OneDrive\Multi_Robot_System\maps\i_shape\map_072.png,5.0,1.0,42092,8100,0.15816
i_shape,73,C:\Users\grape\OneDrive\Multi_Robot_System\maps\i_shape\map_073.png,5.0,1.0,40868,8100,0.18264
i_shape,74,C:\Users\grape\OneDrive\Multi_Robot_System\maps\i_shape\map_074.png,5.0,1.0,41718,8100,0.16564
i_shape,75,C:\Users\grape\OneDrive\Multi_Robot_System\maps\i_shape\map_075.png,5.0,1.0,40538,8100,0.18924
i_shape,76,C:\Users\grape\OneDrive\Multi_Robot_System\maps\i_shape\map_076.png,5.0,1.0,42349,8100,0.15302
i_shape,77,C:\Users\grape\OneDrive\Multi_Robot_System\maps\i_shape\map_077.png,5.0,1.0,42007,8100,0.15986
i_shape,78,C:\Users\grape\OneDrive\Multi_Robot_System\maps\i_shape\map_078.png,5.0,1.0,40261,8100,0.19478
i_shape,79,C:\Users\grape\OneDrive\Multi_Robot_System\maps\i_shape\map_079.png,5.0,1.0,40617,8100,0.18766
i_shape,80,C:\Users\grape\OneDrive\Multi_Robot_System\maps\i_shape\map_080.png,5.0,1.0,42518,8100,0.14964
i_shape,81,C:\Users\grape\OneDrive\Multi_Robot_System\maps\i_shape\map_081.png,5.0,1.0,41829,8100,0.16342
i_shape,82,C:\Users\grape\OneDrive\Multi_Robot_System\maps\i_shape\map_082.png,5.0,1.0,42222,8100,0.15556
i_shape,83,C:\Users\grape\OneDrive\Multi_Robot_System\maps\i_shape\map_083.png,5.0,1.0,41131,8100,0.17738
i_shape,84,C:\Users\grape\OneDrive\Multi_Robot_System\maps\i_shape\map_084.png,5.0,1.0,39823,8100,0.20354
i_shape,85,C:\Users\grape\OneDrive\Multi_Robot_System\maps\i_shape\map_085.png,5.0,1.0,42501,8100,0.14998
i_shape,86,C:\Users\grape\OneDrive\Multi_Robot_System\maps\i_shape\map_086.png,5.0,1.0,42600,8100,0.148
i_shape,87,C:\Users\grape\OneDrive\Multi_Robot_System\maps\i_shape\map_087.png,5.0,1.0,40779,8100,0.18442
i_shape,88,C:\Users\grape\OneDrive\Multi_Robot_System\maps\i_shape\map_088.png,5.0,1.0,42528,8100,0.14944
i_shape,89,C:\Users\grape\OneDrive\Multi_Robot_System\maps\i_shape\map_089.png,5.0,1.0,42210,8100,0.1558
i_shape,90,C:\Users\grape\OneDrive\Multi_Robot_System\maps\i_shape\map_090.png,5.0,1.0,42331,8100,0.15338
i_shape,91,C:\Users\grape\OneDrive\Multi_Robot_System\maps\i_shape\map_091.png,5.0,1.0,42549,8100,0.14902
i_shape,92,C:\Users\grape\OneDrive\Multi_Robot_System\maps\i_shape\map_092.png,5.0,1.0,40702,8100,0.18596
i_shape,93,C:\Users\grape\OneDrive\Multi_Robot_System\maps\i_shape\map_093.png,5.0,1.0,42368,8100,0.15264
i_shape,94,C:\Users\grape\OneDrive\Multi_Robot_System\maps\i_shape\map_094.png,5.0,1.0,41535,8100,0.1693
i_shape,95,C:\Users\grape\OneDrive\Multi_Robot_System\maps\i_shape\map_095.png,5.0,1.0,41343,8100,0.17314
i_shape,96,C:\Users\grape\OneDrive\Multi_Robot_System\maps\i_shape\map_096.png,5.0,1.0,40929,8100,0.18142
i_shape,97,C:\Users\grape\OneDrive\Multi_Robot_System\maps\i_shape\map_097.png,5.0,1.0,40418,8100,0.19164
i_shape,98,C:\Users\grape\OneDrive\Multi_Robot_System\maps\i_shape\map_098.png,5.0,1.0,42391,8100,0.15218
i_shape,99,C:\Users\grape\OneDrive\Multi_Robot_System\maps\i_shape\map_099.png,5.0,1.0,41602,8100,0.16796
square,0,C:\Users\grape\OneDrive\Multi_Robot_System\maps\square\map_000.png,5.0,5.0,68144,6400,0.727424
square,1,C:\Users\grape\OneDrive\Multi_Robot_System\maps\square\map_001.png,5.0,5.0,91104,6400,0.635584
square,2,C:\Users\grape\OneDrive\Multi_Robot_System\maps\square\map_002.png,5.0,5.0,96203,6400,0.615188
square,3,C:\Users\grape\OneDrive\Multi_Robot_System\maps\square\map_003.png,5.0,5.0,116509,6400,0.533964
square,4,C:\Users\grape\OneDrive\Multi_Robot_System\maps\square\map_004.png,5.0,5.0,78561,6400,0.685756
square,5,C:\Users\grape\OneDrive\Multi_Robot_System\maps\square\map_005.png,5.0,5.0,57314,6400,0.770744
square,6,C:\Users\grape\OneDrive\Multi_Robot_System\maps\square\map_006.png,5.0,5.0,93573,6400,0.625708
square,7,C:\Users\grape\OneDrive\Multi_Robot_System\maps\square\map_007.png,5.0,5.0,86979,6400,0.652084
square,8,C:\Users\grape\OneDrive\Multi_Robot_System\maps\square\map_008.png,5.0,5.0,85769,6400,0.656924
square,9,C:\Users\grape\OneDrive\Multi_Robot_System\maps\square\map_009.png,5.0,5.0,111300,6400,0.5548
square,10,C:\Users\grape\OneDrive\Multi_Robot_System\maps\square\map_010.png,5.0,5.0,87106,6400,0.651576
square,11,C:\Users\grape\OneDrive\Multi_Robot_System\maps\square\map_011.png,5.0,5.0,73758,6400,0.704968
square,12,C:\Users\grape\OneDrive\Multi_Robot_System\maps\square\map_012.png,5.0,5.0,85258,6400,0.658968
square,13,C:\Users\grape\OneDrive\Multi_Robot_System\maps\square\map_013.png,5.0,5.0,111173,6400,0.555308
square,14,C:\Users\grape\OneDrive\Multi_Robot_System\maps\square\map_014.png,5.0,5.0,82837,6400,0.668652
square,15,C:\Users\grape\OneDrive\Multi_Robot_System\maps\square\map_015.png,5.0,5.0,81203,6400,0.675188
square,16,C:\Users\grape\OneDrive\Multi_Robot_System\maps\square\map_016.png,5.0,5.0,99071,6400,0.603716
square,17,C:\Users\grape\OneDrive\Multi_Robot_System\maps\square\map_017.png,5.0,5.0,73590,6400,0.70564
square,18,C:\Users\grape\OneDrive\Multi_Robot_System\maps\square\map_018.png,5.0,5.0,107663,6400,0.569348
square,19,C:\Users\grape\OneDrive\Multi_Robot_System\maps\square\map_019.png,5.0,5.0,102047,6400,0.591812
square,20,C:\Users\grape\OneDrive\Multi_Robot_System\maps\square\map_020.png,5.0,5.0,99912,6400,0.600352
square,21,C:\Users\grape\OneDrive\Multi_Robot_System\maps\square\map_021.png,5.0,5.0,90367,6400,0.638532
square,22,C:\Users\grape\OneDrive\Multi_Robot_System\maps\square\map_022.png,5.0,5.0,88114,6400,0.647544
square,23,C:\Users\grape\OneDrive\Multi_Robot_System\maps\square\map_023.png,5.0,5.0,70915,6400,0.71634
square,24,C:\Users\grape\OneDrive\Multi_Robot_System\maps\square\map_024.png,5.0,5.0,62025,6400,0.7519
square,25,C:\Users\grape\OneDrive\Multi_Robot_System\maps\square\map_025.png,5.0,5.0,71199,6400,0.715204
square,26,C:\Users\grape\OneDrive\Multi_Robot_System\maps\square\map_026.png,5.0,5.0,89935,6400,0.64026
square,27,C:\Users\grape\OneDrive\Multi_Robot_System\maps\square\map_027.png,5.0,5.0,85569,6400,0.657724
square,28,C:\Users\grape\OneDrive\Multi_Robot_System\maps\square\map_028.png,5.0,5.0,75937,6400,0.696252
square,29,C:\Users\grape\OneDrive\Multi_Robot_System\maps\square\map_029.png,5.0,5.0,79529,6400,0.681884
square,30,C:\Users\grape\OneDrive\Multi_Robot_System\maps\square\map_030.png,5.0,5.0,126746,6400,0.493016
square,31,C:\Users\grape\OneDrive\Multi_Robot_System\maps\square\map_031.png,5.0,5.0,76630,6400,0.69348
square,32,C:\Users\grape\OneDrive\Multi_Robot_System\maps\square\map_032.png,5.0,5.0,69541,6400,0.721836
square,33,C:\Users\grape\OneDrive\Multi_Robot_System\maps\square\map_033.png,5.0,5.0,62990,6400,0.74804
square,34,C:\Users\grape\OneDrive\Multi_Robot_System\maps\square\map_034.png,5.0,5.0,80530,6400,0.67788
square,35,C:\Users\grape\OneDrive\Multi_Robot_System\maps\square\map_035.png,5.0,5.0,81221,6400,0.675116
square,36,C:\Users\grape\OneDrive\Multi_Robot_System\maps\square\map_036.png,5.0,5.0,70403,6400,0.718388
square,37,C:\Users\grape\OneDrive\Multi_Robot_System\maps\square\map_037.png,5.0,5.0,117255,6400,0.53098
square,38,C:\Users\grape\OneDrive\Multi_Robot_System\maps\square\map_038.png,5.0,5.0,65398,6400,0.738408
square,39,C:\Users\grape\OneDrive\Multi_Robot_System\maps\square\map_039.png,5.0,5.0,75389,6400,0.698444
square,40,C:\Users\grape\OneDrive\Multi_Robot_System\maps\square\map_040.png,5.0,5.0,73920,6400,0.70432
square,41,C:\Users\grape\OneDrive\Multi_Robot_System\maps\square\map_041.png,5.0,5.0,70629,6400,0.717484
square,42,C:\Users\grape\OneDrive\Multi_Robot_System\maps\square\map_042.png,5.0,5.0,101542,6400,0.593832
square,43,C:\Users\grape\OneDrive\Multi_Robot_System\maps\square\map_043.png,5.0,5.0,84512,6400,0.661952
square,44,C:\Users\grape\OneDrive\Multi_Robot_System\maps\square\map_044.png,5.0,5.0,83824,6400,0.664704
square,45,C:\Users\grape\OneDrive\Multi_Robot_System\maps\square\map_045.png,5.0,5.0,75998,6400,0.696008
square,46,C:\Users\grape\OneDrive\Multi_Robot_System\maps\square\map_046.png,5.0,5.0,86283,6400,0.654868
square,47,C:\Users\grape\OneDrive\Multi_Robot_System\maps\square\map_047.png,5.0,5.0,104511,6400,0.581956
square,48,C:\Users\grape\OneDrive\Multi_Robot_System\maps\square\map_048.png,5.0,5.0,100523,6400,0.597908
square,49,C:\Users\grape\OneDrive\Multi_Robot_System\maps\square\map_049.png,5.0,5.0,63573,6400,0.745708
square,50,C:\Users\grape\OneDrive\Multi_Robot_System\maps\square\map_050.png,5.0,5.0,88598,6400,0.645608
square,51,C:\Users\grape\OneDrive\Multi_Robot_System\maps\square\map_051.png,5.0,5.0,77025,6400,0.6919
square,52,C:\Users\grape\OneDrive\Multi_Robot_System\maps\square\map_052.png,5.0,5.0,66287,6400,0.734852
square,53,C:\Users\grape\OneDrive\Multi_Robot_System\maps\square\map_053.png,5.0,5.0,99369,6400,0.602524
square,54,C:\Users\grape\OneDrive\Multi_Robot_System\maps\square\map_054.png,5.0,5.0,94817,6400,0.620732
square,55,C:\Users\grape\OneDrive\Multi_Robot_System\maps\square\map_055.png,5.0,5.0,81355,6400,0.67458
square,56,C:\Users\grape\OneDrive\Multi_Robot_System\maps\square\map_056.png,5.0,5.0,82215,6400,0.67114
square,57,C:\Users\grape\OneDrive\Multi_Robot_System\maps\square\map_057.png,5.0,5.0,78130,6400,0.68748
square,58,C:\Users\grape\OneDrive\Multi_Robot_System\maps\square\map_058.png,5.0,5.0,117818,6400,0.528728
square,59,C:\Users\grape\OneDrive\Multi_Robot_System\maps\square\map_059.png,5.0,5.0,117064,6400,0.531744
square,60,C:\Users\grape\OneDrive\Multi_Robot_System\maps\square\map_060.png,5.0,5.0,94699,6400,0.621204
square,61,C:\Users\grape\OneDrive\Multi_Robot_System\maps\square\map_061.png,5.0,5.0,93597,6400,0.625612
square,62,C:\Users\grape\OneDrive\Multi_Robot_System\maps\square\map_062.png,5.0,5.0,68767,6400,0.724932
square,63,C:\Users\grape\OneDrive\Multi_Robot_System\maps\square\map_063.png,5.0,5.0,76047,6400,0.695812
square,64,C:\Users\grape\OneDrive\Multi_Robot_System\maps\square\map_064.png,5.0,5.0,101286,6400,0.594856
square,65,C:\Users\grape\OneDrive\Multi_Robot_System\maps\square\map_065.png,5.0,5.0,94701,6400,0.621196
square,66,C:\Users\grape\OneDrive\Multi_Robot_System\maps\square\map_066.png,5.0,5.0,95607,6400,0.617572
square,67,C:\Users\grape\OneDrive\Multi_Robot_System\maps\square\map_067.png,5.0,5.0,89552,6400,0.641792
square,68,C:\Users\grape\OneDrive\Multi_Robot_System\maps\square\map_068.png,5.0,5.0,121253,6400,0.514988
square,69,C:\Users\grape\OneDrive\Multi_Robot_System\maps\square\map_069.png,5.0,5.0,69676,6400,0.721296
square,70,C:\Users\grape\OneDrive\Multi_Robot_System\maps\square\map_070.png,5.0,5.0,96292,6400,0.614832
square,71,C:\Users\grape\OneDrive\Multi_Robot_System\maps\square\map_071.png,5.0,5.0,102772,6400,0.588912
square,72,C:\Users\grape\OneDrive\Multi_Robot_System\maps\square\map_072.png,5.0,5.0,84115,6400,0.66354
square,73,C:\Users\grape\OneDrive\Multi_Robot_System\maps\square\map_073.png,5.0,5.0,101614,6400,0.593544
square,74,C:\Users\grape\OneDrive\Multi_Robot_System\maps\square\map_074.png,5.0,5.0,83826,6400,0.664696
square,75,C:\Users\grape\OneDrive\Multi_Robot_System\maps\square\map_075.png,5.0,5.0,80633,6400,0.677468
square,76,C:\Users\grape\OneDrive\Multi_Robot_System\maps\square\map_076.png,5.0,5.0,63814,6400,0.744744
square,77,C:\Users\grape\OneDrive\Multi_Robot_System\maps\square\map_077.png,5.0,5.0,101635,6400,0.59346
square,78,C:\Users\grape\OneDrive\Multi_Robot_System\maps\square\map_078.png,5.0,5.0,67579,6400,0.729684
square,79,C:\Users\grape\OneDrive\Multi_Robot_System\maps\square\map_079.png,5.0,5.0,77497,6400,0.690012
square,80,C:\Users\grape\OneDrive\Multi_Robot_System\maps\square\map_080.png,5.0,5.0,91830,6400,0.63268
square,81,C:\Users\grape\OneDrive\Multi_Robot_System\maps\square\map_081.png,5.0,5.0,89730,6400,0.64108
square,82,C:\Users\grape\OneDrive\Multi_Robot_System\maps\square\map_082.png,5.0,5.0,53045,6400,0.78782
square,83,C:\Users\grape\OneDrive\Multi_Robot_System\maps\square\map_083.png,5.0,5.0,99244,6400,0.603024
square,84,C:\Users\grape\OneDrive\Multi_Robot_System\maps\square\map_084.png,5.0,5.0,104582,6400,0.581672
square,85,C:\Users\grape\OneDrive\Multi_Robot_System\maps\square\map_085.png,5.0,5.0,89704,6400,0.641184
square,86,C:\Users\grape\OneDrive\Multi_Robot_System\maps\square\map_086.png,5.0,5.0,105036,6400,0.579856
square,87,C:\Users\grape\OneDrive\Multi_Robot_System\maps\square\map_087.png,5.0,5.0,145034,6400,0.419864
square,88,C:\Users\grape\OneDrive\Multi_Robot_System\maps\square\map_088.png,5.0,5.0,84001,6400,0.663996
square,89,C:\Users\grape\OneDrive\Multi_Robot_System\maps\square\map_089.png,5.0,5.0,82580,6400,0.66968
square,90,C:\Users\grape\OneDrive\Multi_Robot_System\maps\square\map_090.png,5.0,5.0,98676,6400,0.605296
square,91,C:\Users\grape\OneDrive\Multi_Robot_System\maps\square\map_091.png,5.0,5.0,54178,6400,0.783288
square,92,C:\Users\grape\OneDrive\Multi_Robot_System\maps\square\map_092.png,5.0,5.0,78129,6400,0.687484
square,93,C:\Users\grape\OneDrive\Multi_Robot_System\maps\square\map_093.png,5.0,5.0,75234,6400,0.699064
square,94,C:\Users\grape\OneDrive\Multi_Robot_System\maps\square\map_094.png,5.0,5.0,102739,6400,0.589044
square,95,C:\Users\grape\OneDrive\Multi_Robot_System\maps\square\map_095.png,5.0,5.0,98650,6400,0.6054
square,96,C:\Users\grape\OneDrive\Multi_Robot_System\maps\square\map_096.png,5.0,5.0,81639,6400,0.673444
square,97,C:\Users\grape\OneDrive\Multi_Robot_System\maps\square\map_097.png,5.0,5.0,74919,6400,0.700324
square,98,C:\Users\grape\OneDrive\Multi_Robot_System\maps\square\map_098.png,5.0,5.0,85895,6400,0.65642
square,99,C:\Users\grape\OneDrive\Multi_Robot_System\maps\square\map_099.png,5.0,5.0,88170,6400,0.64732
